lock,threads,run,iterations,exec_ns,total_bids,final_highest_bid,final_highest_bidder,mean_wait_ns,p99_wait_ns,max_wait_ns,finish_spread_ns,jain_first_half,bids_won_per_bidder,bids_won_first_half_per_bidder
TTAS,2,1,1000,2304858,2000,2000,1,870.4,1574,55054,189628,0.9593,1000;1000,603;397
TTAS,2,2,1000,2096061,2000,2000,1,730.4,1468,144171,583824,0.9273,1000;1000,640;360
TTAS,2,3,1000,1182385,2000,2000,1,483.6,830,6774,176436,0.9889,1000;1000,553;447
TTAS,2,4,1000,803951,2000,2000,1,243.6,765,125454,247599,0.8875,1000;1000,678;322
TTAS,2,5,1000,565530,2000,2000,1,182.1,242,56218,172262,0.9154,1000;1000,652;348
TTAS,4,1,1000,1667709,4000,4000,3,841.0,7733,104807,572257,0.7681,1000;1000;1000;1000,734;812;247;207
TTAS,4,2,1000,1039607,4000,4000,0,537.2,1673,806922,236399,0.8884,1000;1000;1000;1000,205;522;657;616
TTAS,4,3,1000,784296,4000,4000,2,237.2,2002,30675,277567,0.6653,1000;1000;1000;1000,1000;461;0;539
TTAS,4,4,1000,868348,4000,4000,2,121.1,466,89602,714493,0.5000,1000;1000;1000;1000,1000;1000;0;0
TTAS,4,5,1000,1102736,4000,4000,3,518.3,5256,51448,507698,0.6476,1000;1000;1000;1000,172;1000;707;121
TTAS,8,1,1000,1856587,8000,8000,6,292.6,2323,107383,1562320,0.5365,1000;1000;1000;1000;1000;1000;1000;1000,1000;1000;1000;844;121;35;0;0
TTAS,8,2,1000,2251984,8000,8000,7,1120.1,10939,313200,1823952,0.6541,1000;1000;1000;1000;1000;1000;1000;1000,1000;1000;235;800;161;145;551;108
TTAS,8,3,1000,2162274,8000,8000,5,172.2,307,508493,1954864,0.5000,1000;1000;1000;1000;1000;1000;1000;1000,1000;1000;1000;1000;0;0;0;0
TTAS,8,4,1000,1625347,8000,8000,3,269.7,1533,77278,1283507,0.5000,1000;1000;1000;1000;1000;1000;1000;1000,1000;1000;1000;0;1000;0;0;0
TTAS,8,5,1000,2213486,8000,8000,2,926.9,9207,52217,1975709,0.6136,1000;1000;1000;1000;1000;1000;1000;1000,1000;989;373;1000;171;312;34;121
TTAS,16,1,1000,5251252,16000,16000,13,1769.8,11713,1200318,2790612,0.5833,1000;1000;1000;1000;1000;1000;1000;1000;1000;1000;1000;1000;1000;1000;1000;1000,1000;1000;1000;369;786;1000;1000;974;143;113;245;221;104;45;0;0
TTAS,16,2,1000,14738159,16000,16000,15,4850.6,4450,9081451,14410705,0.5697,1000;1000;1000;1000;1000;1000;1000;1000;1000;1000;1000;1000;1000;1000;1000;1000,1000;1000;863;542;1000;940;1000;840;0;233;582;0;0;0;0;0
TTAS,16,3,1000,5012503,16000,16000,12,1560.8,13426,870434,3305679,0.5846,1000;1000;1000;1000;1000;1000;1000;1000;1000;1000;1000;1000;1000;1000;1000;1000,1000;1000;560;559;511;1000;1000;956;225;218;0;0;0;0;0;971
TTAS,16,4,1000,11219686,16000,16000,9,3808.0,5842,8635346,10807316,0.5098,1000;1000;1000;1000;1000;1000;1000;1000;1000;1000;1000;1000;1000;1000;1000;1000,1000;1000;1000;1000;1000;1000;1000;84;916;0;0;0;0;0;0;0
TTAS,16,5,1000,4273108,16000,16000,15,1129.5,8765,96154,3639460,0.5954,1000;1000;1000;1000;1000;1000;1000;1000;1000;1000;1000;1000;1000;1000;1000;1000,1000;1000;653;869;1000;1000;898;576;346;506;152;0;0;0;0;0
CLH,2,1,1000,4459578,2000,2000,0,2246.6,21282,231628,62815,0.9990,1000;1000,484;516
CLH,2,2,1000,5580651,2000,2000,1,3044.1,26953,2245270,36877,0.9979,1000;1000,523;477
CLH,2,3,1000,1389764,2000,2000,1,503.7,823,55832,61482,0.9893,1000;1000,552;448
CLH,2,4,1000,832702,2000,2000,1,396.3,538,88099,81319,0.9977,1000;1000,524;476
CLH,2,5,1000,1583987,2000,2000,1,645.5,696,527096,178653,0.9570,1000;1000,606;394
CLH,4,1,1000,2118464,4000,4000,3,1250.1,1319,584289,877333,0.9529,1000;1000;1000;1000,689;471;425;415
CLH,4,2,1000,3522744,4000,4000,3,2230.8,30109,894886,436910,0.9385,1000;1000;1000;1000,528;616;571;285
CLH,4,3,1000,1001370,4000,4000,3,169.6,117,89995,630831,0.5000,1000;1000;1000;1000,1000;1000;0;0
CLH,4,4,1000,2745224,4000,4000,3,1470.7,1849,915583,619269,0.6620,1000;1000;1000;1000,1000;573;427;0
CLH,4,5,1000,1284346,4000,4000,3,774.4,1075,38164,381759,0.9024,1000;1000;1000;1000,772;485;393;350
CLH,8,1,1000,2599822,8000,8000,5,1065.1,4244,349817,922277,0.6306,1000;1000;1000;1000;1000;1000;1000;1000,1000;919;827;615;494;0;145;0
CLH,8,2,1000,1686354,8000,8000,4,617.1,1016,160921,1280847,0.6298,1000;1000;1000;1000;1000;1000;1000;1000,1000;904;817;778;129;186;186;0
CLH,8,3,1000,9974659,8000,8000,7,7179.7,24238,6263229,9191687,0.6103,1000;1000;1000;1000;1000;1000;1000;1000,1000;448;1000;1000;142;141;128;141
CLH,8,4,1000,37140829,8000,8000,7,31891.9,147984,7171508,32921104,0.8000,1000;1000;1000;1000;1000;1000;1000;1000,1000;505;499;499;499;499;499;0
CLH,8,5,1000,2059449,8000,8000,5,1198.2,21031,143067,1723634,0.7974,1000;1000;1000;1000;1000;1000;1000;1000,1000;781;540;453;434;218;306;268
CLH,16,1,1000,10480666009,16000,16000,15,7034102.0,32088191,68138656,10480496260,0.6430,1000;1000;1000;1000;1000;1000;1000;1000;1000;1000;1000;1000;1000;1000;1000;1000,1000;1000;1000;792;1000;308;833;743;338;142;142;141;141;140;140;140
CLH,16,2,1000,27397867895,16000,16000,13,24199786.5,84971831,224736621,27397500351,0.8572,1000;1000;1000;1000;1000;1000;1000;1000;1000;1000;1000;1000;1000;1000;1000;1000,1000;981;552;553;552;552;552;363;363;362;362;362;362;362;361;361
CLH,16,3,1000,4466352,16000,16000,14,1474.5,2011,956266,3704760,0.5000,1000;1000;1000;1000;1000;1000;1000;1000;1000;1000;1000;1000;1000;1000;1000;1000,1000;1000;1000;1000;1000;1000;1000;1000;0;0;0;0;0;0;0;0
CLH,16,4,1000,14441404844,16000,16000,15,9029402.4,75842780,302784084,14441184230,0.6169,1000;1000;1000;1000;1000;1000;1000;1000;1000;1000;1000;1000;1000;1000;1000;1000,1000;1000;1000;1000;1000;1000;384;382;154;155;155;155;154;154;154;153
CLH,16,5,1000,46881433,16000,16000,2,15420.5,1400,23159477,46632222,0.5000,1000;1000;1000;1000;1000;1000;1000;1000;1000;1000;1000;1000;1000;1000;1000;1000,1000;1000;0;1000;1000;1000;0;1000;1000;1000;0;0;0;0;0;0
MCS,2,1,1000,4873850,2000,2000,0,3098.4,36705,1312280,289643,0.9997,1000;1000,509;491
MCS,2,2,1000,1662790,2000,2000,1,966.0,11276,242749,5687,0.9999,1000;1000,504;496
MCS,2,3,1000,1371110,2000,2000,1,517.3,774,28570,110606,0.9719,1000;1000,585;415
MCS,2,4,1000,520826,2000,2000,0,205.9,331,29848,24521,0.9916,1000;1000,454;546
MCS,2,5,1000,2239342,2000,2000,0,364.4,832,76807,1421286,0.9403,1000;1000,374;626
MCS,4,1,1000,1741775,4000,4000,3,469.8,1000,47155,886158,0.6065,1000;1000;1000;1000,791;1000;130;79
MCS,4,2,1000,1637176,4000,4000,3,275.9,626,191864,1141002,0.6180,1000;1000;1000;1000,1000;743;257;0
MCS,4,3,1000,1066302,4000,4000,3,753.7,894,140675,9645,0.9964,1000;1000;1000;1000,517;518;517;448
MCS,4,4,1000,918642,4000,4000,3,469.7,801,28730,333959,0.8107,1000;1000;1000;1000,910;441;338;311
MCS,4,5,1000,876467,4000,4000,3,448.8,665,45026,642416,0.7475,1000;1000;1000;1000,1000;374;344;282
MCS,8,1,1000,1452730,8000,8000,7,869.0,1092,64164,773577,0.8286,1000;1000;1000;1000;1000;1000;1000;1000,1000;634;605;458;412;325;295;271
MCS,8,2,1000,1146971,8000,8000,7,608.4,897,72823,895310,0.8160,1000;1000;1000;1000;1000;1000;1000;1000,1000;695;568;467;423;349;285;213
MCS,8,3,1000,3834911,8000,8000,7,424.0,913,478094,3641385,0.5342,1000;1000;1000;1000;1000;1000;1000;1000,1000;1000;1000;849;151;0;0;0
MCS,8,4,1000,1630199,8000,8000,6,968.2,1292,34679,924891,0.7627,1000;1000;1000;1000;1000;1000;1000;1000,1000;807;562;460;404;397;20;350
MCS,8,5,1000,1141748784,8000,8000,6,1139980.0,15009430,45040571,408735,0.9213,1000;1000;1000;1000;1000;1000;1000;1000,760;692;585;427;384;384;384;384
MCS,16,1,1000,5337973,16000,16000,15,1734.1,6361,811021,4303675,0.5468,1000;1000;1000;1000;1000;1000;1000;1000;1000;1000;1000;1000;1000;1000;1000;1000,1000;1000;975;1000;938;895;888;873;358;73;0;0;0;0;0;0
MCS,16,2,1000,8149556,16000,16000,12,2715.0,1645,3334299,7834205,0.5860,1000;1000;1000;1000;1000;1000;1000;1000;1000;1000;1000;1000;1000;1000;1000;1000,1000;1000;1000;999;858;731;721;709;697;209;76;0;0;0;0;0
MCS,16,3,1000,849284074,16000,16000,15,517864.0,8267598,27268558,849090965,0.5606,1000;1000;1000;1000;1000;1000;1000;1000;1000;1000;1000;1000;1000;1000;1000;1000,1000;1000;1000;1000;909;843;767;749;667;63;2;0;0;0;0;0
MCS,16,4,1000,4535453,16000,16000,15,1019.6,1235,1160682,3954787,0.5270,1000;1000;1000;1000;1000;1000;1000;1000;1000;1000;1000;1000;1000;1000;1000;1000,1000;1000;1000;1000;247;1000;925;948;880;0;0;0;0;0;0;0
MCS,16,5,1000,6412667,16000,16000,11,1082.9,1409,4290505,6029461,0.5227,1000;1000;1000;1000;1000;1000;1000;1000;1000;1000;1000;1000;1000;1000;1000;1000,1000;1000;1000;1000;1000;989;914;893;204;0;0;0;0;0;0;0
